order	stage	delay_us	packet_hex	packet_bytes
1	address-and-setup	0	55aa520500000a	7
2	address-and-setup	110847	55aa5305000003	7
3	address-and-setup	20101	55aa400500001c	7
4	address-and-setup	20087	55aa4005020001	7
5	address-and-setup	20089	55aa4005040003	7
6	address-and-setup	20086	55aa400506001e	7
7	address-and-setup	20075	55aa4005080007	7
8	address-and-setup	20218	55aa40050a001a	7
9	address-and-setup	20109	55aa40050c0018	7
10	address-and-setup	20097	55aa40050e0005	7
11	address-and-setup	20092	55aa400510000f	7
12	address-and-setup	20107	55aa4005120012	7
13	address-and-setup	20792	55aa4005140010	7
14	address-and-setup	20128	55aa400516000d	7
15	address-and-setup	20108	55aa4005180014	7
16	address-and-setup	20100	55aa40051a0009	7
17	address-and-setup	20101	55aa40051c000b	7
18	address-and-setup	20102	55aa40051e0016	7
19	address-and-setup	20095	55aa400520001f	7
20	address-and-setup	20183	55aa4005220002	7
21	address-and-setup	20124	55aa4005240000	7
22	address-and-setup	20123	55aa400526001d	7
23	address-and-setup	20107	55aa4005280004	7
24	address-and-setup	20095	55aa40052a0019	7
25	address-and-setup	20097	55aa40052c001b	7
26	address-and-setup	20110	55aa40052e0006	7
27	address-and-setup	20119	55aa400530000c	7
28	address-and-setup	20112	55aa4005320011	7
29	address-and-setup	29767	55aa4005340013	7
30	address-and-setup	20220	55aa400536000e	7
31	address-and-setup	21136	55aa4005380017	7
32	address-and-setup	20142	55aa40053a000a	7
33	address-and-setup	20122	55aa40053c0008	7
34	address-and-setup	20116	55aa40053e0015	7
35	address-and-setup	20102	55aa400540001a	7
36	address-and-setup	20097	55aa4005420007	7
37	address-and-setup	20131	55aa4005440005	7
38	address-and-setup	20128	55aa4005460018	7
39	address-and-setup	20120	55aa4005480001	7
40	address-and-setup	20105	55aa40054a001c	7
41	address-and-setup	20115	55aa40054c001e	7
42	address-and-setup	20117	55aa40054e0003	7
43	address-and-setup	20116	55aa4005500009	7
44	address-and-setup	25874	55aa4005520014	7
45	address-and-setup	20100	55aa4005540016	7
46	address-and-setup	20095	55aa400556000b	7
47	address-and-setup	20089	55aa4005580012	7
48	address-and-setup	20083	55aa40055a000f	7
49	address-and-setup	20099	55aa40055c000d	7
50	address-and-setup	20092	55aa40055e0010	7
51	address-and-setup	20093	55aa4005600019	7
52	address-and-setup	20087	55aa4005620004	7
53	address-and-setup	20093	55aa4005640006	7
54	address-and-setup	20094	55aa400566001b	7
55	address-and-setup	20090	55aa4005680002	7
56	address-and-setup	26348	55aa40056a001f	7
57	address-and-setup	20122	55aa40056c001d	7
58	address-and-setup	20086	55aa40056e0000	7
59	address-and-setup	20092	55aa400570000a	7
60	address-and-setup	20086	55aa4005720017	7
61	address-and-setup	20087	55aa4005740015	7
62	address-and-setup	20110	55aa4005760008	7
63	address-and-setup	20100	55aa4005780011	7
64	address-and-setup	20096	55aa40057a000c	7
65	address-and-setup	20086	55aa40057c000e	7
66	address-and-setup	20094	55aa40057e0013	7
67	address-and-setup	20085	55aa4005800010	7
68	address-and-setup	20046	55aa400582000d	7
69	address-and-setup	20113	55aa400584000f	7
70	address-and-setup	20086	55aa4005860012	7
71	address-and-setup	20089	55aa400588000b	7
72	address-and-setup	20087	55aa40058a0016	7
73	address-and-setup	20100	55aa40058c0014	7
74	address-and-setup	20094	55aa40058e0009	7
75	address-and-setup	22393	55aa4005900003	7
76	address-and-setup	20125	55aa400592001e	7
77	address-and-setup	20108	55aa400594001c	7
78	address-and-setup	20100	55aa4005960001	7
79	address-and-setup	20093	55aa4005980018	7
80	address-and-setup	20090	55aa40059a0005	7
81	address-and-setup	20137	55aa40059c0007	7
82	address-and-setup	20526	55aa40059e001a	7
83	address-and-setup	20127	55aa4005a00013	7
84	address-and-setup	20115	55aa4005a2000e	7
85	address-and-setup	20104	55aa4005a4000c	7
86	address-and-setup	20102	55aa4005a60011	7
87	address-and-setup	20106	55aa4005a80008	7
88	address-and-setup	20099	55aa4005aa0015	7
89	address-and-setup	20096	55aa4005ac0017	7
90	address-and-setup	20097	55aa4005ae000a	7
91	address-and-setup	20254	55aa4005b00000	7
92	address-and-setup	20113	55aa4005b2001d	7
93	address-and-setup	25563	55aa4005b4001f	7
94	address-and-setup	20134	55aa4005b60002	7
95	address-and-setup	20119	55aa520500000a	7
96	address-and-setup	96802	55aa54090001ff005a5a12	11
97	address-and-setup	10132	55aa54090002ff00007f1f	11
98	address-and-setup	1105	55aa510900500000002f18	11
99	address-and-setup	10102	55aa510900540000000709	11
100	address-and-setup	10109	55aa5109003c0000000001	11
101	address-and-setup	10110	55aa5409000aff0000001f	11
102	address-and-setup	10093	55aa510900c8800000640f	11
103	address-and-setup	10089	55aa510900d0c0000bb804	11
104	address-and-setup	10113	55aa520500000a	7
105	address-and-setup	109688	55aa5109001cc0c21f1017	11
106	per-selector-reset	2937792	55aa410900440000000304	11
107	per-selector-reset	4684	55aa41090244000000031b	11
108	per-selector-reset	1104	55aa41090444000000031f	11
109	per-selector-reset	1089	55aa410906440000000300	11
110	per-selector-reset	1091	55aa410908440000000317	11
111	per-selector-reset	1088	55aa41090a440000000308	11
112	per-selector-reset	1073	55aa41090c44000000030c	11
113	per-selector-reset	1089	55aa41090e440000000313	11
114	per-selector-reset	1086	55aa410910440000000307	11
115	per-selector-reset	1085	55aa410912440000000318	11
116	per-selector-reset	1085	55aa41091444000000031c	11
117	per-selector-reset	1086	55aa410916440000000303	11
118	per-selector-reset	1085	55aa410918440000000314	11
119	per-selector-reset	1093	55aa41091a44000000030b	11
120	per-selector-reset	1091	55aa41091c44000000030f	11
121	per-selector-reset	1089	55aa41091e440000000310	11
122	per-selector-reset	1091	55aa410920440000000302	11
123	per-selector-reset	1098	55aa41092244000000031d	11
124	per-selector-reset	1088	55aa410924440000000319	11
125	per-selector-reset	1089	55aa410926440000000306	11
126	per-selector-reset	1089	55aa410928440000000311	11
127	per-selector-reset	1088	55aa41092a44000000030e	11
128	per-selector-reset	1089	55aa41092c44000000030a	11
129	per-selector-reset	1085	55aa41092e440000000315	11
130	per-selector-reset	1078	55aa410930440000000301	11
131	per-selector-reset	1084	55aa41093244000000031e	11
132	per-selector-reset	1085	55aa41093444000000031a	11
133	per-selector-reset	1084	55aa410936440000000305	11
134	per-selector-reset	1085	55aa410938440000000312	11
135	per-selector-reset	1085	55aa41093a44000000030d	11
136	per-selector-reset	1090	55aa41093c440000000309	11
137	per-selector-reset	1088	55aa41093e440000000316	11
138	per-selector-reset	1088	55aa410940440000000308	11
139	per-selector-reset	1089	55aa410942440000000317	11
140	per-selector-reset	1088	55aa410944440000000313	11
141	per-selector-reset	1089	55aa41094644000000030c	11
142	per-selector-reset	1047	55aa41094844000000031b	11
143	per-selector-reset	1089	55aa41094a440000000304	11
144	per-selector-reset	1087	55aa41094c440000000300	11
145	per-selector-reset	1085	55aa41094e44000000031f	11
146	per-selector-reset	1084	55aa41095044000000030b	11
147	per-selector-reset	1065	55aa410952440000000314	11
148	per-selector-reset	1085	55aa410954440000000310	11
149	per-selector-reset	1085	55aa41095644000000030f	11
150	per-selector-reset	1085	55aa410958440000000318	11
151	per-selector-reset	1090	55aa41095a440000000307	11
152	per-selector-reset	1089	55aa41095c440000000303	11
153	per-selector-reset	1088	55aa41095e44000000031c	11
154	per-selector-reset	1069	55aa41096044000000030e	11
155	per-selector-reset	1088	55aa410962440000000311	11
156	per-selector-reset	1088	55aa410964440000000315	11
157	per-selector-reset	1089	55aa41096644000000030a	11
158	per-selector-reset	1089	55aa41096844000000031d	11
159	per-selector-reset	1056	55aa41096a440000000302	11
160	per-selector-reset	1084	55aa41096c440000000306	11
161	per-selector-reset	1084	55aa41096e440000000319	11
162	per-selector-reset	1086	55aa41097044000000030d	11
163	per-selector-reset	1085	55aa410972440000000312	11
164	per-selector-reset	1085	55aa410974440000000316	11
165	per-selector-reset	1092	55aa410976440000000309	11
166	per-selector-reset	1073	55aa41097844000000031e	11
167	per-selector-reset	1088	55aa41097a440000000301	11
168	per-selector-reset	1088	55aa41097c440000000305	11
169	per-selector-reset	1090	55aa41097e44000000031a	11
170	per-selector-reset	1088	55aa41098044000000031c	11
171	per-selector-reset	1057	55aa410982440000000303	11
172	per-selector-reset	1088	55aa410984440000000307	11
173	per-selector-reset	1089	55aa410986440000000318	11
174	per-selector-reset	1085	55aa41098844000000030f	11
175	per-selector-reset	1085	55aa41098a440000000310	11
176	per-selector-reset	1086	55aa41098c440000000314	11
177	per-selector-reset	1085	55aa41098e44000000030b	11
178	per-selector-reset	1068	55aa41099044000000031f	11
179	per-selector-reset	1085	55aa410992440000000300	11
180	per-selector-reset	1089	55aa410994440000000304	11
181	per-selector-reset	1097	55aa41099644000000031b	11
182	per-selector-reset	1128	55aa41099844000000030c	11
183	per-selector-reset	1091	55aa41099a440000000313	11
184	per-selector-reset	1451	55aa41099c440000000317	11
185	per-selector-reset	1078	55aa41099e440000000308	11
186	per-selector-reset	1092	55aa4109a044000000031a	11
187	per-selector-reset	1099	55aa4109a2440000000305	11
188	per-selector-reset	1094	55aa4109a4440000000301	11
189	per-selector-reset	1099	55aa4109a644000000031e	11
190	per-selector-reset	1088	55aa4109a8440000000309	11
191	per-selector-reset	1089	55aa4109aa440000000316	11
192	per-selector-reset	1085	55aa4109ac440000000312	11
193	per-selector-reset	1088	55aa4109ae44000000030d	11
194	per-selector-reset	1088	55aa4109b0440000000319	11
195	per-selector-reset	1085	55aa4109b2440000000306	11
196	per-selector-reset	1077	55aa4109b4440000000302	11
197	per-selector-reset	1088	55aa4109b644000000031d	11
198	core-setup	1082	55aa5409000aff0000001f	11
199	core-setup	950	55aa54090002ff00007f1f	11
200	frequency-ramp	210454	55aa51090008c0a202550a	11
201	frequency-ramp	428337	55aa51090008c0b4025509	11
202	frequency-ramp	423490	55aa51090008d0c602551d	11
203	frequency-ramp	420494	55aa51090008d0d8025500	11
204	frequency-ramp	420515	55aa51090008c0a2024415	11
205	frequency-ramp	420473	55aa51090008c0af02441c	11
206	frequency-ramp	420500	55aa51090008c0bb02440a	11
207	frequency-ramp	420466	55aa51090008d0c8024406	11
208	frequency-ramp	424820	55aa51090008d0d402440e	11
209	frequency-ramp	420544	55aa51090008d0e1024417	11
210	frequency-ramp	420496	55aa51090008d0ed024406	11
211	frequency-ramp	423549	55aa51090008c0a0023317	11
212	frequency-ramp	420512	55aa51090008c0a8023309	11
213	frequency-ramp	420476	55aa51090008c0b002330e	11
214	frequency-ramp	421975	55aa51090008c0b8023310	11
215	frequency-ramp	420449	55aa51090008c0c002330b	11
216	frequency-ramp	420529	55aa51090008d0c8023311	11
217	frequency-ramp	420865	55aa51090008d0d0023316	11
218	frequency-ramp	420501	55aa51090008d0d8023308	11
219	frequency-ramp	422728	55aa51090008d0e0023318	11
220	frequency-ramp	420522	55aa51090008d0e8023306	11
221	frequency-ramp	423136	55aa51090008d0f0023301	11
222	frequency-ramp	420492	55aa51090008d0f802331f	11
223	frequency-ramp	420480	55aa51090008c0c002320e	11
224	frequency-ramp	420535	55aa51090008d0c6023210	11
225	frequency-ramp	420493	55aa51090008d0cc02321b	11
226	frequency-ramp	429616	55aa51090008d0d2023206	11
227	frequency-ramp	420524	55aa51090008c0a202221d	11
228	frequency-ramp	420000	55aa51090008c0a6022212	11
229	frequency-ramp	420000	55aa51090008c0ab02221b	11
230	frequency-ramp	420000	55aa51090008c0af022214	11
231	frequency-ramp	420000	55aa51090008c0b402221e	11
232	frequency-ramp	420000	55aa51090008c0b802220f	11
233	frequency-ramp	420000	55aa51090008c0bd022218	11
234	frequency-ramp	420000	55aa51090008d0c1022208	11
235	frequency-ramp	420000	55aa51090008d0c602220a	11
236	frequency-ramp	420000	55aa51090008d0ca02221b	11
237	frequency-ramp	420000	55aa51090008d0cf02220c	11
238	frequency-ramp	420000	55aa51090008d0d3022204	11
239	frequency-ramp	420000	55aa51090008d0d8022217	11
240	frequency-ramp	420000	55aa51090008d0dc022218	11
241	frequency-ramp	420000	55aa51090008d0e102221f	11
242	frequency-ramp	420000	55aa51090008d0e5022210	11
243	frequency-ramp	420000	55aa51090008d0ea02220c	11
244	frequency-ramp	420000	55aa51090008d0ee022203	11
245	frequency-ramp	420000	55aa51090008d0f3022213	11
246	frequency-ramp	420000	55aa51090008d0f702221c	11
247	frequency-ramp	420000	55aa51090008c0a8022119	11
248	frequency-ramp	420000	55aa51090008c0ab022114	11
249	frequency-ramp	420000	55aa51090008c0ae022103	11
250	frequency-ramp	420000	55aa51090008c0b1022106	11
251	frequency-ramp	420000	55aa51090008c0b4022111	11
252	frequency-ramp	420000	55aa51090008c0b702211c	11
253	frequency-ramp	420000	55aa51090008c0ba022115	11
254	frequency-ramp	420000	55aa51090008c0bd022117	11
255	frequency-ramp	420000	55aa51090008c0c002211b	11
256	frequency-ramp	420000	55aa51090008d0c3022112	11
257	frequency-ramp	420000	55aa51090008d0c6022105	11
258	frequency-ramp	420000	55aa51090008d0c9022119	11
259	frequency-ramp	420000	55aa51090008d0cc02210e	11
260	frequency-ramp	420000	55aa51090008d0cf022103	11
261	frequency-ramp	420000	55aa51090008d0d2022113	11
262	frequency-ramp	420000	55aa51090008d0d5022111	11
263	frequency-ramp	420000	55aa51090008d0d8022118	11
264	frequency-ramp	420000	55aa51090008d0db022115	11
265	frequency-ramp	420000	55aa51090008d0de022102	11
266	frequency-ramp	420000	55aa51090008d0e1022110	11
267	frequency-ramp	420000	55aa51090008d0e4022107	11
268	frequency-ramp	420000	55aa51090008d0e702210a	11
269	frequency-ramp	420000	55aa51090008d0ea022103	11
270	frequency-ramp	420000	55aa51090008d0ed022101	11
271	frequency-ramp	420000	55aa51090008c0a002110c	11
272	frequency-ramp	420000	55aa51090008c0a2021119	11
273	frequency-ramp	420000	55aa51090008c0a4021103	11
274	frequency-ramp	420000	55aa51090008c0a6021116	11
275	frequency-ramp	420000	55aa51090008c0a8021112	11
276	frequency-ramp	420000	55aa51090008c0aa021107	11
277	frequency-ramp	420000	55aa51090008c0ac02111d	11
278	frequency-ramp	420000	55aa51090008c0ae021108	11
279	frequency-ramp	420000	55aa51090008c0b0021115	11
280	frequency-ramp	420000	55aa51090008c0b2021100	11
281	frequency-ramp	420000	55aa51090008c0b402111a	11
282	frequency-ramp	420000	55aa51090008c0b602110f	11
283	frequency-ramp	420000	55aa51090008c0b802110b	11
284	frequency-ramp	420000	55aa51090008c0ba02111e	11
285	frequency-ramp	420000	55aa51090008c0bc021104	11
286	frequency-ramp	420000	55aa51090008c0be021111	11
287	frequency-ramp	420000	55aa51090008c0c0021110	11
288	frequency-ramp	420000	55aa51090008d0c2021101	11
289	frequency-ramp	420000	55aa51090008d0c402111b	11
290	frequency-ramp	420000	55aa51090008d0c602110e	11
291	frequency-ramp	420000	55aa51090008d0c802110a	11
292	temperature-service	800000	55aa510900c0110000001f	11
293	temperature-service	10100	55aa510900c0110200000a	11
294	temperature-service	10100	55aa520500c417	7
295	temperature-service	979800	55aa510900c0110000001f	11
296	temperature-service	10100	55aa510900c0110200000a	11
297	temperature-service	10100	55aa520500c417	7
298	temperature-service	979800	55aa510900c0110000001f	11
299	temperature-service	10100	55aa510900c0110200000a	11
300	temperature-service	10100	55aa520500c417	7
301	temperature-service	979800	55aa510900c0110000001f	11
302	temperature-service	10100	55aa510900c0110200000a	11
303	temperature-service	10100	55aa520500c417	7
304	temperature-service	979800	55aa510900c0110000001f	11
305	temperature-service	10100	55aa510900c0110200000a	11
306	temperature-service	10100	55aa520500c417	7
307	temperature-service	979800	55aa510900c0110000001f	11
308	temperature-service	10100	55aa510900c0110200000a	11
309	temperature-service	10100	55aa520500c417	7
310	temperature-service	979800	55aa510900c0110000001f	11
311	temperature-service	10100	55aa510900c0110200000a	11
312	temperature-service	10100	55aa520500c417	7
313	temperature-service	979800	55aa510900c0110000001f	11
314	temperature-service	10100	55aa510900c0110200000a	11
315	temperature-service	10100	55aa520500c417	7
316	temperature-service	979800	55aa510900c0110000001f	11
317	temperature-service	10100	55aa510900c0110200000a	11
318	temperature-service	10100	55aa520500c417	7
319	temperature-service	979800	55aa510900c0110000001f	11
320	temperature-service	10100	55aa510900c0110200000a	11
321	temperature-service	10100	55aa520500c417	7
322	temperature-service	979800	55aa510900c0110000001f	11
323	temperature-service	10100	55aa510900c0110200000a	11
324	temperature-service	10100	55aa520500c417	7
325	temperature-service	979800	55aa510900c0110000001f	11
326	temperature-service	10100	55aa510900c0110200000a	11
327	temperature-service	10100	55aa520500c417	7
328	temperature-service	979800	55aa510900c0110000001f	11
329	temperature-service	10100	55aa510900c0110200000a	11
330	temperature-service	10100	55aa520500c417	7
331	temperature-service	979800	55aa510900c0110000001f	11
332	temperature-service	10100	55aa510900c0110200000a	11
333	temperature-service	10100	55aa520500c417	7
334	temperature-service	979800	55aa510900c0110000001f	11
335	temperature-service	10100	55aa510900c0110200000a	11
336	temperature-service	10100	55aa520500c417	7
337	temperature-service	979800	55aa510900c0110000001f	11
338	temperature-service	10100	55aa510900c0110200000a	11
339	temperature-service	10100	55aa520500c417	7
340	fast-uart	0	55aa510900600000010015	11
