index	speed_hz	transfer_bytes	delay_after_ms	tx_prefix_hex
0	500000	608	1	a53c02
1	500000	20	1	a53c0a010005
2	500000	614	1	a53c0900000500000000b31a
3	500000	20	1	a53c0a010006
4	1000000	614	1	a53c090000060f00000c5c
5	1000000	20	1	a53c0a01
6	1000000	614	1	a53c090000006e0b0060178b
7	1000000	20	1	a53c0a01
8	1000000	614	1	a53c09000000460e0060bc25
9	1000000	20	1	a53c0a01
10	1000000	614	303	a53c09000000460e007029b4
11	1000000	20	1	a53c0a01
12	1000000	614	1026	a53c09000000c60e0060b0c9
13	1000000	20	1	a53c0a01
14	1000000	614	1	a53c09000000460e0060bc25
15	1000000	20	1	a53c0a01
16	1000000	614	1	a53c09000000460e0060bc25
17	1000000	20	1	a53c0a01
18	1000000	614	301	a53c09000000460e007029b4
19	1000000	20	1	a53c0a01
20	1000000	614	42	a53c09000000c60e0060b0c9
21	1000000	20	1	a53c0a01
22	1000000	614	1	a53c09000000460e0060bc25
23	1000000	20	1	a53c0a01
24	1000000	614	1	a53c0900000046100060d1c6
25	1000000	20	1	a53c0a01
26	1000000	614	302	a53c09000000461000704457
27	1000000	20	1	a53c0a01
28	1000000	614	42	a53c09000000c6100060dd2a
29	1000000	20	1	a53c0a01
30	1000000	614	1	a53c0900000046100060d1c6
31	1000000	20	1	a53c0a01
32	1000000	614	1	a53c0900000046120060e8b0
33	1000000	20	1	a53c0a01
34	1000000	614	302	a53c09000000461200707d21
35	1000000	20	1	a53c0a01
36	1000000	614	42	a53c09000000c6120060e45c
37	1000000	20	1	a53c0a01
38	1000000	614	1	a53c0900000046120060e8b0
39	1000000	20	1	a53c0a01
40	1000000	614	1	a53c0900000046140060a32a
41	1000000	20	1	a53c0a01
42	1000000	614	302	a53c090000004614007036bb
43	1000000	20	1	a53c0a01
44	1000000	614	42	a53c09000000c6140060afc6
45	1000000	20	1	a53c0a01
46	1000000	614	1	a53c0900000046140060a32a
47	1000000	20	1	a53c0a01
48	1000000	614	1	a53c09000000461600609a5c
49	1000000	20	1	a53c0a01
50	1000000	614	302	a53c09000000461600700fcd
51	1000000	20	1	a53c0a01
52	1000000	614	42	a53c09000000c616006096b0
53	1000000	20	1	a53c0a01
54	1000000	614	1	a53c09000000461600609a5c
55	1000000	20	1	a53c0a01
56	1000000	614	1	a53c0900000046180060341e
57	1000000	20	1	a53c0a01
58	1000000	614	302	a53c0900000046180070a18f
59	1000000	20	1	a53c0a01
60	1000000	614	42	a53c09000000c618006038f2
61	1000000	20	1	a53c0a01
62	1000000	614	1	a53c0900000046180060341e
63	1000000	20	1	a53c0a01
64	1000000	614	1	a53c09000000461a00600d68
65	1000000	20	1	a53c0a01
66	1000000	614	302	a53c09000000461a007098f9
67	1000000	20	1	a53c0a01
68	1000000	614	42	a53c09000000c61a00600184
69	1000000	20	1	a53c0a01
70	1000000	614	1	a53c09000000461a00600d68
71	1000000	20	1	a53c0a01
72	1000000	614	1	a53c09000000461c006046f2
73	1000000	20	1	a53c0a01
74	1000000	614	302	a53c09000000461c0070d363
75	1000000	20	1	a53c0a01
76	1000000	614	42	a53c09000000c61c00604a1e
77	1000000	20	1	a53c0a01
78	1000000	614	1	a53c09000000461c006046f2
79	1000000	20	1	a53c0a01
80	1000000	614	1	a53c09000000461e00607f84
81	1000000	20	1	a53c0a01
82	1000000	614	302	a53c09000000461e0070ea15
83	1000000	20	1	a53c0a01
84	1000000	614	42	a53c09000000c61e00607368
85	1000000	20	1	a53c0a01
86	1000000	614	1	a53c09000000461e00607f84
87	1000000	20	1	a53c0a01
88	1000000	614	1	a53c09000000462000609d34
89	1000000	20	1	a53c0a01
90	1000000	614	302	a53c090000004620007008a5
91	1000000	20	1	a53c0a01
92	1000000	614	42	a53c09000000c620006091d8
93	1000000	20	1	a53c0a01
94	1000000	614	1	a53c09000000462000609d34
95	1000000	20	1	a53c0a01
96	1000000	614	1	a53c0900000046220060a442
97	1000000	20	1	a53c0a01
98	1000000	614	302	a53c090000004622007031d3
99	1000000	20	1	a53c0a01
100	1000000	614	42	a53c09000000c6220060a8ae
101	1000000	20	1	a53c0a01
102	1000000	614	1	a53c0900000046220060a442
103	1000000	20	1	a53c0a01
104	1000000	614	1	a53c0900000046240060efd8
105	1000000	20	1	a53c0a01
106	1000000	614	302	a53c09000000462400707a49
107	1000000	20	1	a53c0a01
108	1000000	614	42	a53c09000000c6240060e334
109	1000000	20	1	a53c0a01
110	1000000	614	1	a53c0900000046240060efd8
111	1000000	20	1	a53c0a01
112	1000000	614	1	a53c0900000046260060d6ae
113	1000000	20	1	a53c0a01
114	1000000	614	302	a53c0900000046260070433f
115	1000000	20	1	a53c0a01
116	1000000	614	42	a53c09000000c6260060da42
117	1000000	20	1	a53c0a01
118	1000000	614	1	a53c0900000046260060d6ae
119	1000000	20	1	a53c0a01
120	1000000	614	1	a53c0900000046270060ca15
121	1000000	20	1	a53c0a01
122	1000000	614	301	a53c09000000462700705f84
123	1000000	20	1	a53c0a01
124	1000000	614	1045	a53c09000000c6270060c6f9
125	1000000	20	1	a53c0a010003
126	1000000	614	1	a53c0900000312100000586c
127	1000000	606	201	a53c01
128	1000000	606	1	a53c0b
129	1000000	606	1	a53c03
130	1000000	20	1	a53c0a010003
131	1000000	26	1	a53c0a020003
132	1000000	32	1	a53c0a030003
133	1000000	38	1	a53c0a040003
134	1000000	44	1	a53c0a050003
135	1000000	50	1	a53c0a060003
136	1000000	56	1	a53c0a070003
137	1000000	62	1	a53c0a080003
138	1000000	68	1	a53c0a090003
139	1000000	74	1	a53c0a0a0003
140	1000000	80	1	a53c0a0b0003
141	1000000	86	1	a53c0a0c0003
142	1000000	92	1	a53c0a0d0003
143	1000000	98	1	a53c0a0e0003
144	1000000	104	1	a53c0a0f0003
145	1000000	110	1	a53c0a100003
146	1000000	116	1	a53c0a110003
147	1000000	122	1	a53c0a120003
148	1000000	128	1	a53c0a130003
149	1000000	134	1	a53c0a140003
150	1000000	140	1	a53c0a150003
151	1000000	146	1	a53c0a160003
152	1000000	152	1	a53c0a170003
153	1000000	158	1	a53c0a180003
154	1000000	164	1	a53c0a190003
155	1000000	170	1	a53c0a1a0003
156	1000000	176	1	a53c0a1b0003
157	1000000	182	1	a53c0a1c0003
158	1000000	188	1	a53c0a1d0003
159	1000000	194	1	a53c0a1e0003
160	1000000	638	4003	a53c0c0000000000ffffffffffff
161	1000000	608	1	a53c040000e5
