1	bdab46656e69094b9f070571122560aec7d5f41485878d24ac2057defe6d7af6	8e9874275c5a3a78ac3436422101539df4e6c727b1b4be179f1364edcd5e49c5	b2461acc5e8f357ee690040b037380031f1400227f9bd09182233b0000000000
2	38a88d1348e04a486f3f3fdc137df4a8dd838653d35c4796263bc5fcdf3e8ca4	0cebbe200bd3097c5c7c0cef204eb79beec0c560e06874a5157886cfeb0dbf97	9ecaf31bf4fcf4754d00b9c7ac3ac10d799497213b72bb33c2281e0000000000
3	cea0a245670b2562725bfe6d46678bd7de0f9cf4ae1b81d1c6749d898d84d0fa	fd939176543816513668bd597523b8939a4cafc79d28c5e28537aebbbeb7e3c9	e7fb6c874239a3de9937a00d9182c62a8991bd1bcacf8cb62996930000000000
4	6729dd473a63f41d1cbf2320d32a0244c53c7f175e1ad05f8e99a0285f43b0b0	441aee740950d62e2f9c1012e0193166f60e5c246d29e37cadaa931b6d708383	1aac972cd1cf7d93183e4c1f04fe8777ab750f75d91a794c7245000000000000
5	1f2585a72a50c1856972ce580e06fec497c0018b559fca8b62bf56f99a252d00	2c16b6941963e3b15a56fd6a3d35bdf7a4e232b876acf9b8418c64cda9160f33	da7dcc704665cf6a40e41fbae9d0601a2d9ebb33ef0626d563b1170100000000
6	804de9f85e573d6f961fb531476e78450d5e87064532c29ce9f3bb9eb767e73a	b47edacb6d640e2ba52c8605745d3c763e6db435760181afdac788ad8454d409	fc4c45a10b271b72ff84f79e677ce502471a35da19f469fe6d7a500100000000
7	7ecef47b92adfc2e65a1c463401279345f881ddaa78818614e356f50461043d5	4afcd748a19edf1d5692f75073214a076dbb2fe994ab2b527d065c63753370e7	61f517f01c4f5657a373f2c82fd398d1aafd343e98d9b26e8468160000000000
8	b9a5e2ba8c98b5dbdaaf8de6f776dd9fe03d302947e096cfbc26a4ccbc3c8d03	fae1a6f9c8dbf1efeeebc9a2c3429edcd409036a03d4d5fa8f1290fff87fbe47	74f87f35fee3b93b6609e010cd1db3e3a19b9e44141bfdddd4e35d0100000000
9	0c4acc72be41cb217d2a79d1ceccac9553b84bc3c882e26f77b7313cff8d8731	48098f468d72881249194de2fdffefb1178b7ff0fbc1d12c4384050fccbeb405	28c6d4fe5a9082de3fa85837d7f32a243b4638ef2159c684d7a21b0000000000
10	d401cd27413e83e9a6484e9bb8083aca3e67aa20a9a5791e807e25c0c4df0777	e733fe14720db0da857b7ca88a3b09f90d54e9139a964b2db34d16f3f7ec3444	70cd1c127098088c408585be2a6b7752f42e78a740a29b968d82a80100000000
11	969cd3bff2b4f8c2182d608e86cdca76ecd2fc3b08f853b8cfce7c5f57ef3e0b	a2d897fbc180bcf62c6924cdc2898e32a991c8784ccc678b8c9a481b63db7a4f	1bca7e45b0412e5b95716a71806b9c5929f0f04a93ada9bdccb33f0000000000
12	f06cfbc8debfff87e5b41ad3775aee6640e0779cdaed62980ee56aaa89604128	b328c8fcedfcccb3a6f759e7336ead5503d333dfeeae51ab4aa15ee9bd53721c	f587b8bc1727956d098342d3a8a1ba28d87e85275343c2d96da5600000000000
13	53c2384fd5bdd6d8dca90776779205c93576f6412925d2c91e5a46ccf98590e9	60f11b7be6fee5ebef9a444544b146fa0645c5721a16e1fa2d1e65ffcab6a3da	bbe3a2438cead96825cb601bfce0dc872780f50602adccca6002160000000000
14	e6c4f3315b2345e753c54724255249ed1174fccb17b890a258a5e01270d1b28e	d5f6c113690176d470e6751706707ace2247cfe8348bb3907b86d32043e281bd	35bc372894206fadc7337beb5e6f154042228d0ca3914652f4a5760100000000
15	bae912a6123f167a8fe6c812f99b42f3870f6c2b1f0137e7619065742efd76b5	89da2095200c2549acd5fa21cab871c7b43c5f182c3214d452b356471dce4586	eb993c67426d7c2c33c4f347c592097a6f37621d463d2b95297e6a0000000000
16	3fb903f924351e6ae064f192f0a2d9f5b7ee4d7ff196e45cd797c05a7dce6179	0bfa40ca67062d29d320c2d1c391edc1f4da794bc5d5d76fe4a483693e8d524a	5ea10a2275d78a87d1284186d2d9b3792fcfa934b1ddd5657f4ea90100000000
17	71f15ae6a21f9657d791b533aa608e47b2c70dcd0e8e3979a8302d43d8db2820	42c268d5913da564f4a287009942bd7381f43eee2dbd1a4a8b031e70ebe81b13	0b549dd88231d918660b463f4e3f12b3d92e884882ad3e17e028270100000000
18	c57281d4f2fbb085fe7d5b6614aa05221d8b5350be632aed8d462b3a1a7418b0	e641b2f6c1d883a6cd5f6855279936112eb960639d5019dfbe75180929473b83	bad5d24529850fae3daeb651d36746de43b03626ca48a4285325680100000000
19	5c8532e3da3e2e5a14c94ef8a7cdbc08f02c078941772fd4577215ff6cebd18c	6ec601d1e90d1d6920fa7dbbe4fe8f4bc31f34ba72436ce7644626cc58dfe2bf	213542b91c079f61b845c7447f9abf5003795b9039e52d65a77eee0000000000
20	d69726a3fbfb38f061ba935f78a778fb0c670a10c75d0a7984d69304f95e4d32	e5a41290c8c80bc35589a06c4b954bc83f543923f46e3e4aa0e5a027ca7d0e01	53523d75bfb6cffc5411bf9b346b6d9160dbbc21a52e19bdb938e70100000000
21	d08e0e345ef39095bb82e534a31fb486b1162406041367d8c634f40eb893d9de	e3bd3d177dc1a2b698b1d707912c87b482251635372055ebf507c63d8ba0eaed	628336db386fa09c3ca6a82c4fd62c323fe518c1196fdc7257f0ec0100000000
22	92e2a9d5320a8c5654bdb36d1631ee6c2bafb50cb269040200c530a27b86d376	b0d19ae71029af65668f815e2403cd4f188c873f905a373122f7039148b5e055	feecfe3fdc9ae55e0cde17f1b69adf68c86de19f0d64e7f2a742b20100000000
23	26e8bf968c5fa8ce59249cab1de722fcc70eb5b50c7220de524d9a58464c374e	15ab8cd5be6b9cfa6a17af985ed411cff43df6863f3163ea617ea96b750f037d	9054cff4566c984c9205b62378b3f7dc1a37b252f47faf2022b1f90000000000
24	58881c3e40a8f636212e2aead81e201ccaed0dc08830639e65f865b0cea93f2f	6bbb2f0d729bc505121d19d9eb2a132f89de3ee3bb0350ad56cb5683fd9a0c1c	47d16b9a7401c0edb6818ab1419f712a7d56c8ea7f693b187c2f990100000000
25	a76a362c4579c91d62c3b9bce8cd150f4ab89c7ccaf12f8893cb80ec3b3eeba7	93590568713afd5921f08affdb89564c7e8ca83ff9b51bbba7ffb4a80f0aafe4	6db23d802e3594df8b33ef10d4db4945aaf99e65f847fd816a34c50000000000
26	0d1a771a9a77012992a4993399782d6a230a03af661abd2fe3e0288bf3186c68	2e295529b944331aa087ba01bb4b1e581038209d55298e1cc1d31bb8d03b5f5a	6cfe3f521e5ce8f0312fe641a58613055db96ab46e565b50998c760000000000
27	d2d388e2b4f811bbd7a132ae17621ab64c0be2a7ab0a9828772ceb5894b583a8	e1e0bbd187cb2298e492019d244129850f38d1949839ab1b441fd96ba786b08b	d0caa97fae9a6cb08d19ce17005362e41b8992e0fd8b3346c719f80000000000
28	b11a54bb8c685ca917653368f6167be8090dd4e68f9377137be76a55e4543f6b	85296788bf5b6feb2456005bc52448db3a3e96d5bca0442148d45966d7677c58	edc86fdf232b47b307345459788c31b99367bc9904c9966d7b79d40000000000
29	e32606a0c1ab39766c6e54cc60984f7d58bcc661013951a3b77fc65ab3aa44ef	d0153593f2981a455f2d67ff52ab7c4e6b8ff552320d6397844cf569809977dd	ded100c490b132c6e064dab277996287440526769df1030a628da80000000000
30	60c98d725b98ab4d7677e2f472e470b6cececea7713b2d344bed61601ce70700	53fabe4168ab987e4544d1c730d74385fcfdfd9442081e0078de42542fd43433	2217b50e5b8819a5229f55c9bb388d364563ff1715845e1ccd479c0000000000
31	f5334e21e8371f2ea3aec6dd6746f5d903147825e3c59e4127b7ada0796dadcc	c6707d12db732c1d909d85ee5475c6ed30273b16d0f6ad7214849ee44a5e9eff	7c48495bb63ab23041b7b8679c5d8bd18840da40ed717692f42f180000000000
32	c4e9301a0eddc8fe238e489f34cb7e170fb49d74ca587e10225889ffa982a4bf	87da73293deefbbd10bd7bab07883d543c87ae47f96b4d24661bbacc9ab1e78b	7566650b312854981864959f2b56efb96b39770c7395b4a5ded6190000000000
33	1bd59918e95ffeab62957542082c0c246da7997105715622b7b56f2ab4b93c78	29e6aa2bdb6ddd9951a646713b1f3f165e94ba423642651184865d09878b0e4b	2fef05bc1d900cb165e04973b3e63ee055f0ced0db9289f13378d70100000000
34	0427c9562d920af101e34f73807f0762e89f54884e5370a15a9dc78e353d7fef	3704fa650fd149c232d07c40b34d3451dbac17ab6d60438279aef4bd060e4cdc	c20b208330f9bd500e7d1df03838e4c19d2b4fe575757861c8274e0000000000
35	474f364f974241c4342e69b477bee00b7e7d9d2ceae1f3fcd3d21c2fa69d7b1c	047c057ca40103f7071d5a8744fcd33f4d3ede1fd9a2b0cfe0e12f1c92ae485f	080bc01d528acb195e69930863652f6c1f549a137242a69f0459840000000000
36	d04f0720daabd0325f9625127403d2b092114e5162ffab6bffdd83e00acbaf55	e37c3413e898e2116ca516214731f183a1220d6241cc9858cceea0c329f99c16	7c455d93a67de6468a0e6d80ccfd4064a73589507b172b97df43690000000000
37	da70147f09e3683ce2e4c4ea3bd7ae7ec245fab9c5348bb820d9ed88fe98cb56	e943203c4ad72c7fa6d780d90893ed4a8171b98d8670b8fb649daebbbaab8815	d6f558ccddbd7a15c032833866c9d23780667c1021c01597f2b3d50000000000
38	c8cb8a9ad9416b9779704f1f1f523379bd1c8c4743fe8b9bd89b28fb05fdf0f1	fbf8bedeea7258d34d437b5b2b61773afe2fb87370bab8a8eba81bb831b9c4c2	6603a2cf35d803d4a6f11d505bdbba4f97445b4d04ddd7df7b3a7e0000000000
39	f5045c45aaf372b9a668f5e459bda5f9b2ffc7d4346b666157feb0ec3c06dd2f	b6476f0699c7468a955bc6d01a8ee6caf1cc84f00028255214ba83af0f45ee1c	8118c50591c7b049eca02af972f87b5842e6f3af186f11673f6b1f0100000000
40	a429636a7955ecb21893a24662a2df86d2974a4705698a41c97b344c106ac1e0	961b50595a76cf912ba091754190fda5f0b46964264aa973ea49077e2359f2c2	7a038434a0134e907714ec550cf6c4c8e7b71b6d0a8fa7fbe16a2c0100000000
41	d3f081ca7cbf492ca8966eaddecbda4dc5ee866a926d38c805b75deddf968832	97b4c2fe48fb0a189bd22de99d889e09f1adb559d65e0c8c31f36eae9bd5cb76	16202dfa665932f0f887c42b173c52c9a41eaa86cf44964d6245330000000000
42	30c39765b4837e62933ebd799cd02a249e33fc52df3044770dd40c8febc0c3cc	03f0a45787b04d51a00a8f4aafe31917ad00cf61fc1377443ee73fbcdff3f7ff	c8bbb3b8e4d774ffb61a5294d6cf287e3aa237ed2cc7f94a49c5970100000000
43	47dec55a0f65dc0b748799784057421297173fbe6e5e4dde54f7d02eeb2f7b41	74fdf6693c56ef4846a4aa4b03657121a4240c8d5a6d7e9d67c4e31dd81c3873	4edb683eddb04177d1652489e0d8d10028e155522523accfa9e2cb0100000000
44	4dfedddbf29f6522a9872fff9d555ac506711b8f5e22c90c616eadf648d4df26	0ecae998c1ac5111edb31bcbd9666ef635355fbb1a61fd3f552de9b20ce0eb12	d8ee7309304260dfa3d39ba9377d45bf663e7727f674bbeedce76c0100000000
45	f0950ce0abf0eb32d5d050ffd081c2ffa34cbc3a08e915bfcc6ac889573c09ad	c3a63fd398c4a801e6e363bce4b5f1cbe07fff793bda268cf859fbbd640f3aee	07deeee81d49f8e297d1467a310d9755daf0443c03a16e9338f8d70100000000
46	318c480b1146d02998c2d63ba150e72fe60b46364c418e53774e72c635af3620	12bf7a292265f31bbbf0f4198372c51cc43974146f62ad60456d40f4179d0413	72fd54cf3d4af16b7b736d1d23bba2d012a5214145850a73b89b560100000000
47	0b57a694ecb476fe3a840b23772ccb218cfada74c074544bb0662d81f85c62bc	386495a7df8745cd09b63810431ff812afc99947f347677883551eb2cb6e519f	369fee09d52fc50ed59b2b5f5a9006cf52e948e06c3f0f6f1d87e80000000000
48	e5180d0c8314c89411d5d9675d121b47add8e6cd9782213626e9f39e3a626ef6	d72b3e3fb027eba722e6ea54692128748eeaa5feb4b1030415cac0ad09515dd5	6e2be63c31d1e226976ee532b6179be0e67388e91f8d5eea2e3d170000000000
49	726f4711812066d23f670bacf61f8960f067d0deb73ecb0088b12e0348b14cc3	405c7432b21245e10d44399fd52dba53c354f3fd940de833bb831d317a827ff0	7b3b987a1be2b0e302d5423d02a1fe0c0fee10904fc2b4b2d519bc0100000000
50	a321f8d4f84371c55740c4c618b9cf107b38e3ecf88d71b0c4d175b7441ffc76	9013cbe7cb7042f7647386f52b8bfc23480bd0dfcbbe42f3f7e24684672ccf45	a9ead7d24be6f1f983a084dc9d0f121907cda0259abdd7cb357bad0000000000
51	f7276d63eff8f494875bf92dbe62e9c9bc59bc200d7494f0357f542a085aaaa0	b4135e50acbbc7a7b468ca1e8c56dafaff6a8f133e40d7c3064c67193c699993	b0104859bac0d1117e32ad70bc7509313f6242fd66280fa8c812f60100000000
52	22de709955c6238053037d65e72a08f8d42dd6daed77a339465e2364a1ce2737	11ed43ba67f510b360304e56d5193acae71ee5e9df44900a746c104792fd0404	026feb4f0c48669d8feb34ac8366a3d4016b638784ef148e59330f0000000000
53	74189aa11a6853e0a1a8b14a31d8caaf5ba381820c39f171568f65cc6c773efb	473bb992292b60d3829b927912eaf99c6890b3b13e0ac34365bc568f5f440dc8	dbdf0b6479e97232ace0e9580df846bc9cc63a7e950d49817f7c1a0100000000
54	03f7d2a7e3ea2551aaab65533cad3f76e772ae4ab52cdd9f58e75a1cf1dd3298	37c3e1e4a0a91665999856100f9e0c35d4319d79861feeac6cd3695fc29e01ab	579cf00119e2ff85b4ed99c9fc516edddf320a4b50715218281a680000000000
55	c5e2333993ec19627e43ce388853de6e22fcdad07fe57d9631d627feea76df0b	f6d1000aa0c82b513d70fa7bbb179a5d61bfeee44cd63ed5029514cda945ec38	0857af4c1fef4f2ed6a6c237ff3387965abe472efb4a27b234bfc20000000000
56	5bc8c2c1c3828a134ea249216c1eb4940369696fc0b0ff0ac5ce067facb71b64	68fbe1f3f0b1be307d917a125f2af0a7205a5a5de283cc39f6fd354c8e842857	67db8a4c2d09e4f95dc75397e190a7ff5448d0f605d45aebcd9fe40000000000
57	b523b908dc7a6f06ab31987bca25a596dce372b201638660566ea4e703f7ddd0	87108a3aef495c359802ab58f81186a5efd041813250a552655a97d430c4eee3	61ce0a6f730e019c016958791102791be074dab9d48064539b92ac0000000000
58	cff25161ba00f21ee97a247df2841459ae063a18840eeb910586dc95fa4e7aec	fcc162528943c12ddb49174ec1b7206a9d35092bb73dd8a236b2efa6c97d49df	f5add6275b24ba2d10359b9d29a6511d805fc7862336881383d94d0100000000
59	945fe93f0506816d8e80ece70a6c483a14acb55fc30153d4f68f0974625d2249	a76cda0d3634b24ebdc3dfc5395f7b19279e866df03261e7c2bc3a47516e107a	422b8d8cdb7bd04e37906bfd3ef6f422f574b1f29435fd643b46640000000000
60	38b4591a574fbb916024531e238f4462d3bba49fae3037b820efe724e6d67798	0b876a29647c98b25306602d10bc6751f18897bc9d03148b12dcd416d5e544ab	74b3e196fa8d631c5dddd5fab6ac050ab14b4cf809c4cc7138d2690000000000
61	0e69490dc12fdc46c6f043fda7ae3ea50130b1cd91144a98afeb9362dfa83598	3d5a7d3ef20cef75f5c370ce948d0d96420382fea22779ab9cd8a751ec9b06ab	9ed74fab71b5cd7d9434e96809952d6b1e234ad9dd35af520ba0010000000000
62	69fcec648bbd237301853f930d25b876a0af54c5b64f1120d9d2756be6d22352	5acfcf56b88e014032b60ca13e168b45939c66e6847d2213eae15658d5e01060	a8c27b2c5adacdc9dd45bbc5f2a1bb196d303d77c6e56b633295710000000000
63	2adb03367e7e2d6ae55531edf88bbb9b18c198f3f1135cb202c5c1f03e1559c9	19e830054d4d1f59d66602debbb888a85bf2abc7c2206f8131f6f3c30d267bfa	4893aebd6ead43d12eb96d8f16adad22e187967de8b71a30f975070000000000
64	f83b4583c8c57d6008d91bc8f843162f4dfe5774f479698ec79b30d9a2771c20	cb0876b0fbf64e533b9a28fbcc70251c7ecd6447c73a5abdf4a803ea91542f13	46d72e5c1b97d073c9bf28eb2024cab03871104b4330882e21afc00100000000
65	8dc4ec8732e88fbb656c506b16b677798bf9f435e22e28b2610159fb61a821b0	aee7dfb401dbbc88565e63582585454ab8cac706d11d1b8153326ac8529b1383	f4fd0e5f1f0351378bc68abd13f58949492ca3dc2ec06f356e15210100000000
66	37830112123f03af399aaed65150ef9524ca1a88069a73649ef9ca49e2dd8be0	04b13221210c309c0aa89de56264dcb117e929bb35a94057adcaf97ad0efb8d3	086f4b7f96eac15b4cb2d55f585d1f7e3b01641780cb84a5c1cc780100000000
67	02df42b4528dd7b769ee5121be2ff0d64bbe2ac545841fe925de04c16eca95be	41ec668761b9e3845aad15128a1cc3e27f9d19f671b75cda169d47825df9a18d	b7c611c58f7269782bb9bc5aec623054d60da60b76131c502701430100000000
68	8f53f7dceafaada8604f2cf95ebac2adf24510c6200baa067692d3e3e2d8cc23	bc67c4efd9ce999c547c18bd6d89f199c17153826438993542a1e0d0d19b8f10	3cf1bd1d8c0b557ab0ab19bb383b5e30e4e3e97a3d532c1ef6b1dc0100000000
69	76f785f0f670ec7db67236fad83eca9cbeaa2c16b464c1ba0bc03bbd79760db4	45b3b6c4b543df4e854175c9eb0df9affae91f22f757f5894f83088e3d454987	765efbec3f7501c2b52114ef1a831992ac6d8741094ab379b66dd60000000000
70	da6ac56cb5653412908a5fe133dea81b68dd6872fa898ae336db1e35cf8edd6c	ee59f65f81260726a3b96ba500ed9c582bee5b41b9bdbed772e82d068cbae928	6de2bcf4d910e1c700e46cbdf38753baff461bc7714a26b1e5639e0000000000
71	3b2a9aca80184d24f85bfe0185f5ecb73c1121e0dd849a550aa5f7f9cfcb217e	0819a9f9b35b7e17cb68ca42b6c6d8f47f2212d3eeb0a9664996c4cafcff153d	f3661ad4058f33fcdb38064ed74412dad58ea658788639abffb4130000000000
72	3f176898c31d8f4d65380896c4b4933b53054eae3e244966b955385cb24540f0	0c344aabf02fbd7e560a2aa5e787a01860377d8d0d167a548b760b6e817773c3	d5183f28481dedaeea5a798bdb71a08cf7a76cfc200a44e85f97f90100000000
73	a0d5448eada4db40df158e0a9bfea2561c79bf4c15fd4ae0354f3f0a65237446	93e677bd9e97e873ec26cd39a8ba91652f4d8c7f26ce79d3067c0c3951174775	a4a6a416a4921928a1ff0426accef4c0a1de5b5dd6a56e77e037340100000000
74	f645524c58c18e3189458e6f4d1abb41b62f6eed2ca38bb59b2e91e09f7aeb76	c576617f6bf2bd02bd76cd5c7e5eff72851b5dae1890b886a86aa5d4ac4ed845	7b48faae4e11d88eb16767f75c91811ab899a3277b8ec6e33217780000000000
75	25c97db0c125bb71d90ff7a23e756a86f7688333917292bd31d5d6e14456bd6f	16ea4e83f5168852ea3cc4910d4659b5c45ab001a240a68902e6e5d207658e5c	8678bd7954167aa60ac4d48417f984db3ec7d26c59dd20e6a738790100000000
76	95e33222383c24fcf81cd466a4d8679b6293753b4037ce5545de4a8fa8123fa6	a6d001010b0f17cfcb2fe75597fb54a851b046187305fd6676ed69bceb310c94	7ecc043572eb8b0ef6f1b182f00220a8e3454329d8836c2ca36de30000000000
77	a3097c1b50256629d6ef2d6c2f09c763f17491cc39f815f0e06b17983d954d13	903b4f296206551ae5dc1f5f0d3af540c246a2ee0acb36c3d35824ab0fa77e20	f024cd6763e894117c1d195bb6b0d584dd175bdde900824ec73d000000000000
78	21363c74905a0749eca12228a386a30d01002eec9309c5259744f5a77e3ac219	12151f56b278246bde83110b81a4913f32321dceb13be717b567d7855c08e13a	a9bfe77b187944f826013e253f6443157c4574ae832b3fc9e971a30000000000
79	7fda6179a884ac4d0d7057adb683dfcfa8442bd30b236a8bcfc442810c7f4d37	4be9524a9cb69f7e3e43649e85b09cfb9b7718e0480029a8fc8771b23f4c7e04	d50d7b7afc81a2671721aadf32b0ed58793c45b0c0ff53536a792d0000000000
80	13f6c863b0af2792a636e3e12c25990350a8e648925b923e41c694b91a8a097f	20c5fb57939c05b19415d0d31f16aa30649bd56ba178a10d72e5a78a28a93a4c	8592cdb258b5255dd32bf442fe6f9e92cac2224acb1545ed2701f70000000000
81	fb25b84a9b31196e0bf0578da3d8198be28b6878895002ff0917641e45fac30f	c9168b79b8022a5c38c365bf90eb2abfd1b82b4bba6331cc3a24575d76c9f03d	19f5bd654e9dc9e8a6e871affd549c98644f54888b1e82c8d2e4910000000000
82	d020dd74fb3e729ffd87a94d27773537cae50c2c31c1351b0741a94bd7e68799	e313fe47c90d41bcceb49a6e14440604f8d73f1f02f2162834739a78e4d4a4aa	e919e0cab211c937cb8b02739ba140126bb44387cf7d52c14e30520100000000
83	9de99912b560cd928eb2c173fc155114be05d484ab71e870419968b0db0e022a	afdbba218653fea1bd81f240df2672279d36e7b79853da4362bb5b83e83c3118	19d2c07ac3b14bf40637b4c2ef9e1f3a9b0a3a6ae69643ef2750e10000000000
84	2ed083ae569814316449273db3bdbfe6f355c5bff4772809e277bd09b1ea5991	1df3b09d65bb2702577a147e808e8cd5c066f69cc7441a3ad1448e3a82a96aa2	a3b579c1124b6e5ce0ca787464cb09dae527cdd0591870858436020000000000
85	a95c746865aff77d13a0758515ec764e988495493821abd57202ce7d8ebce32d	9a68472b569dc43e209436b636df450dbbb7a17a0c0298e74131fd4ebd8fc01e	f63a57be8551dd44a9d5f0f65f59ce480d3dac64d92482e425c8e10100000000
86	b52233af6c2ea061ad20885e6fbe9a557b08cb1fc8661f41081a145eb29b504a	8711109c5f1c92529e03bb6d4c8da966583bf82cfb452c733b29277d81a87369	65c18cd2ecfeedeee9b200d30c9d8de49872c8b8a5959f3687e99c0000000000
87	373db60cf8ab190f713720c2f60b5cb5f2e47b00a8c14cb7cfd449f89dcd66fd	0409854fcce82a3c42036481c2386f86d1d04f339cf27885fce77acbaefe55ce	4ad9b5167b6d4cbcbd70bed6b112879e1f36d2a975763ab99bd4b20100000000
88	adbe38ba13529856c7e32d88e1f4e30e488fd015b6ed081f7d6c77ffc8612583	9e8d0b892011ab65f4d01ebbd2c7d03d7bbce32685de4b2c495f44bcfb2216b0	1a52e8858facee8786bfcb929f26fbf3ed2930cb2c91e341364b070000000000
89	0e3e75e7e33cc2da7eca073d3958d7c80511d2e06e1f0196a909b640a16be0c3	3d0d46d4d10fe1e94df9340f1a6be4fb3632e1d35d2d32a59a4a85738258d3f0	b0ff5ccf4fdd3aeb0ebe0c0239e3452323e66851df70f75788f3180100000000
90	9445c7566b0a717aa331b010a33ebbb19f14a77a6503aa9363fa7aecc4ede888	a777f4655939424980028323900d8882ad279448563089a050c949def7cedbbb	91070340f99478b852933fb97b8d5210025136ffdd49b192c020b50100000000
91	ecdbc6f3cf605325888d2309e12e22227118b92f32d562c2c01ed5513f9a9a32	def9e4c0fc526016baae103ad21d0111422b9b1c00e651f1f22de6720ca9a901	99f80b0e66b718e1277be37f501625d39299ea5a4ee33c5244e03c0000000000
92	db70193090796c71a2c4ed9d13e53e5edafce6c6999fe2add3f9b57067c611db	e8432a04d33a2f4590f7a9d950a60d1deecfd5f5aadcd1ee90ca8643538522e8	bdfe172a706e63ebbe280a2c3e585d40e2e1a67a8e2b04e332a4b60100000000
93	c899ea9c0d59f06744e3facf2ea2647d6f1f5fbf6f8186320abf753b73d3ed40	fbadd9d83e1ab35370a0c98c1d91574e2b2c1c8c5cb2c5763e8b467830e7de73	f7b05e9130ca0ecaac5fdc1a941209a532b6b8ae5f5c8ca876a6620000000000
94	8e4cff1b8424abafd9838fcc52d461f9fa1c11715578b5bb79ea0c1b0b1d1813	bd7fcc28b717989ceab0ccff619052cac93f2242664b81f84ad93f28392e2b20	991090b6608544eacb0842301ad666f24250c63d9d3e2a8354a3c40100000000
95	7a40d5ade0cd5110c2b95708f060393d14b6d10a5fbfb535f2e7436fe0f19153	5972e69ed3fe6223f08a643bc3530a0e2785e2296c8c9606c1c5715cd3c2a360	deb258ca128b2082f680fbb43fea6d726786fe614a0f43b7934b590000000000
96	a4e0cf1862769932cf91029e43d5f809303a99a055aec79e8279afb573de1158	97d2fc2b5145aa01fca231ad60e6cb3a0309ab94669df4adb64a9d8640ed526b	004b464ea96096020398fb8781f4a48df8a54a003966510977c2610100000000
97	d3877432185c1b28a8e824c9939a418e3d9eab0cae350473e7829e1b54a0b36a	e0b447112b6f281b9adb17fab0a972bd0fad982f8d063640d3b0ad2867938049	2fbb3e8ebb09da7e11a9759b1fdb6be57aea452c4c909fd57e69f60000000000
98	43b03a5fdb6ba9e7776ee3bb45110605fbb9bd95c52fc8671518ab338a984d70	7783096ce8589dd4445dd08877223536c88a8ed6f61bfb54262b9800b9ab7e43	97f7a6c690ad3bffc2f670dd8c62e119cf7188a82f5d6d1dde68e40100000000
99	7a606a36e591138fb14a71c7b162ec77ccac59757af3b67b457f08c5a06b6da4	4e235905d1a220bc827942f48351df44ff9f6a3649c78548764c3bf683585e97	498e90d5a41289efaa605eba500a3e58b04cf1e4245899f1e73c830000000000
100	2fc3535a29676bcb2420e776033e3c85c56c46e30c4b89e71197bc246d21036e	1cf060791a5458f81613d545200d1fb6f75e74c03e69bad432a49f074e13315d	cb406eba59534d3710aa26f8619623a3e0711c2ea528220fa29c810000000000
101	8f70f3792eb7339088b873ecef4dbc0bcfd0ade813177d13cfa436c4067c8650	bd33c04a1d8400a3bb8b47dfdc7e8f38fce39edb27244e50fc9075f7324fb263	fde4c1ef1520f1503777626bc941901059a054fccb7811e9e0dcb70000000000
102	a422e7cea96c94b0973b5cafdc9548932d90adae044b441e76546559b42e6903	9611d4fd9a5fa683a4086f9defa67ba01ea29e8d3778772d4567567a871d5a30	a18cacd83145b2baf8695e8221398ac79ecdffefb757a18853fb260000000000
103	5d89fe3887f00ba8ab51e8e2eee9c0bd28dabd9c2b61fbc1f5523044a90b55df	1ebdbd0bb4c33f8b9865dba6dddaf3fe1beefeaf1822bf82b1617407ed3f169b	638727904bffa37aa7f346517d300c274271ae09bcbde20b1c3f150000000000
104	9d52f622937bb9acc3bcb3c975591f6cf2c22db2281eb9158695aedfbf96ea15	a961c566a748fa9f87fff0fa466a5c5fc1811e816b5d8d21b5d69d9c8ba2a926	71bfde44c527d13ba89ded7739c4813985fccef7e1a183b1b1955b0000000000
105	87879649bab17d25e62bb5e2af7b51aeda2a69d7ecb11f7cb22db9373900d8d9	b3b3a50d8e824916d268f6d19c48129d99692ae4dff22b4f811e8a030a44ebea	feafd9c22ba2f7d22e12c778bf477fae09ec186efcfbb2890452c40000000000
106	d719a44cae2f5d62d54178fbe53d09aa1830371f7eceb51748fb833b53ee671e	e32a977f9d1c6951e6754bc8d67e3b982a03042d4dfd86347bd8b00860dd442d	c18d02dd066ee30347d4ef29d315b0a97ad073e43710c8bc6bdf050000000000
107	95f86dfbaa2236f4387f920f383b7da7b44d9357d406bcfaab95b658819cf5be	d1cb5ec89e1102c70b4ba64c0b784e94877ed763e732ffc998a6f56bb2d8c18a	7173afd9804fd33f4f0d60c2cb066e88517248ec595f04438f29220000000000
108	681767610994c59557119ca45a64367b389ee70f032e7cc429895d12b2a1af6c	5b2445523ab7e7a66522ae96795605480bacd52c300d4fe70baa6e2190929c5f	292f5d9ba1f9f418083ebfe7852bbfa06eeeeabb51c5f9147b67ba0000000000
109	4b2b2186bc0d1b11ae89dff9e229e4d13eb7a7f041cbb5259edeaf209357ed23	681862b58f2e28229dbaecbad11dd7920a8494c372f8f616aaed9c13a064d910	02dc741e50558458945d641757d7936f31166b446f3d7b7845b4f60000000000
110	fd615dcdf0a7a8a1af949cdc6662122091dffad43ccbf3d8cec984f4d127f5c3	ce526ff9b4e49c929cd0a8ef22512164a59ccee70ff8b0ebfa8db7b79214c687	1014783d442adfc06e596c13b880de6464ab90c1e9fa2eb82c2d8e0000000000
111	c4c291fd2d195770808a61b1dd5862027c1cf717458d54bfaaee352fcc6becd2	f7f1a2ce1e2a6443b3b852f2ee6b21365f2fb32471be678c99da061cf848df91	87d6121c9ef55cd8f9a0f4e1da76655614968fca1bc7b2bb3dcaad0000000000
112	e10c86caaf7f4453a87e6a21588019d70d956d68ca3913095760311a8cda6009	d22eb4f99c4d67608a4d59126bb32af53fb64f5bf91a203b64521229bef8533a	b7b4cfc781e91478fdf0ebdf543d74b4d32f672b3b821de69042f30000000000
113	835374b65b5b2d5d4430f31fca46dcec8a97ad23cdae9a6849f7c0040265c2c2	b060478568680e6e7703c02cf975efdfb9b49f10fe9aa95b7ac4f3473156f1f1	89e5c051a8339a000809daf4f27577088575a857b4ffcac6f11cf50000000000
114	48931a8f980ed54d839b9338bb9c8905ecdbd1e7183984394ace21bef0c5828e	7ba029bcdb3de17ea0b8d00b9fafba36afe8e2d32b0ab60a09fd12fdc3f6b1bd	420fc42da291dfec4f5284a2cd88f08d4043f0c4db1e69a7cf93590000000000
115	c536f3bdf1e7f10cbc3be9439b83a0856fb6be886989e019587025675c690d67	f605c0fec2d4c24f8f09da70a8b194b65c858dbb5abdd32b6b5316546f5a3e54	66d0fc662c63352a8f0a4fb678757a312ed9f418602961648a17500000000000
116	1880c718d50fdb4b6f4412515cb8157d02243e47ec2af122b7a4c657d99f72c9	3bb3f53be63df8684c7726727f9b375e41171d04df19d2118497f565eaac40eb	2d4b91c2a6e886aa3ba05fb71c0c8f792bafd77e21769d0a0132ff0000000000
117	2c5888a61d23ed828c789ea4c03ab2e255b29c58a41638d3ff11f30bd1bd0747	1e6bbb952e10deb1bf4bad96f30981d17681af7b97250be0cc32d038e28e3474	07033bbad0e6087647aadaa112f058001c5b3f031679332886924f0000000000
118	9bdbe774962ba6d5f882ba576b85842aea7fad50095c01205183efc0cec5c6ba	a8efd340a51895e6cbb1f96458b6b719de4b9e633d6f321362b0dc83fd86f58e	5656fcd4be923693d33369290adebc62f5c134c429a9c3e0f984570000000000
119	e91184c7d014fb5fbc61f13d96f4ba934b9758b3823ce0bf0506a3948ae4ed66	da22b7f4f327c87c9f42c20ed5c789a078a41b80a00fd38d363590a7b9d7de55	06539369e98cce6b2cc5ffa26c8c03cc640806b4817f1ad2097dde0000000000
120	ecef7293a57b7bf34f929bedb26df5640ac8c532f82a84eda40d4e58bc153728	dfdc41a0964f48c00ca1afdef059c657498cf676bb1eb0dee03e7d6bff26041b	5703076d04d17f7812c88915c37746b9f7f581f69a87adb21be83d0000000000
121	683116047f9cd5f507f384efefac3a92aead76de8ae56505a1b8867e005c7ba7	5b0225304cafe6b133c0b0dcdc9f7ea19a9e45edced12636958cb54a341f3894	4a334dde504f26729679d4b9c977dace0870c8aec91f9976f226580000000000
