11316712128431363502	14959063389743872781	1277292835234464883	4553889900667902087	1791367276411	6ccc0e00720aeb25
9811265930334797318	10336829457074752562	6588114597739189539	14448708099455119551	1791367280331	6ccc1601088f7e75
960651337706409311	12682396003398529316	3427540104146799091	11945408525045460053	1791367284858	6ccc0d0066212438
4191955499618548067	10778716487528609604	9320222714510690787	12341167563295684347	1791367285201	6ccc1b015258b967
4191955499618548067	10778716487528609604	9320222714510690787	12341167563295684347	1791367285201	6ccc18018da441f3
7617318815242295499	17396487974828019902	9794137548078551003	14872998949658987967	1791367286125	6ccc0a0015a05d7c
7617318815242295499	17396487974828019902	9794137548078551003	14872998949658987967	1791367286125	6ccc110246eb5a83
6021636349809331919	3573777370853676971	5737250751817737635	1388496911470750367	1791367287255	6ccc1c009672aa31
1767923490261389618	17627909283515539582	1417670615531851075	11630878698256054157	1791367287977	6ccc1001b46cdc7c
1708707104312018529	17417769518368208269	7727909113947162067	11282448513858959370	1791367289858	6ccc1a007491def0
12402039314733632528	14617118369899629423	11650638776492323120	17592018564217303436	1791367290387	6ccc130278ea7418
15629199418472321739	9960183721510242246	9554546497027585464	16576420546060654370	1791367290768	6ccc1c018bdd1787
15629199418472321739	9960183721510242246	9554546497027585464	16576420546060654370	1791367290768	6ccc0702b033b8b9
6169623374616914951	7537120739277498944	3978158595127682689	1964736946066011383	1791367292583	6ccc1c0051671d48
6169623374616914951	7537120739277498944	3978158595127682689	1964736946066011383	1791367292583	6ccc0e00d86d485b
6169623374616914951	7537120739277498944	3978158595127682689	1964736946066011383	1791367292583	6ccc06012db1eb14
6169623374616914951	7537120739277498944	3978158595127682689	1964736946066011383	1791367292583	6ccc11022b830b38
8309435472290430447	13962459215453289747	18193902906999500370	9355747283052010427	1791367293163	6ccc0302855357bc
4199554600880457497	14835454296320240099	15975863058373514150	18038972382623517483	1791367293967	6ccc0c0059f449d3
2278982973016319080	13288618894984828554	5350195979815986246	14006389109495520574	1791367294274	6ccc1301089bd982
6365243803105310902	7867231046051330047	13375709027905583259	18151534321488999852	1791367297064	6ccc0b0084113391
12992519578904598836	1579294668455792639	11207091785972348138	9684243448156015285	1791367297569	6ccc1d003c83c3b5
12992519578904598836	1579294668455792639	11207091785972348138	9684243448156015285	1791367297569	6ccc040122d433b6
15741937026714844162	2875179154251862015	10476115031590345542	3155094074494657812	1791367297959	6ccc0301a012f938
6075249506454574726	17695935709349620075	10168104863724552336	16246275833509491613	1791367298434	6ccc00003178ef77
6075249506454574726	17695935709349620075	10168104863724552336	16246275833509491613	1791367298434	6ccc0e012ab01f1c
16859715738317734282	8189217354985111541	7569924137048612902	13160028618843181418	1791367299459	6ccc060096306910
9107302711405705811	13313283497066219972	11719243291542945282	14916956130108311506	1791367299804	6ccc040146660e39
13139278981499460123	16085442707772422683	13911088356980060429	9567808058538776796	1791367300139	6ccc1401a7042342
13139278981499460123	16085442707772422683	13911088356980060429	9567808058538776796	1791367300139	6ccc1901f0dd282a
4013773610526515453	17517578366664965438	11963047014209142590	16740696914493664827	1791367300487	6ccc0802642c6598
18063543882363835898	16765775425882943988	14480060214073315035	7128448845853020631	1791367301996	6ccc0b018c42aa2e
18063543882363835898	16765775425882943988	14480060214073315035	7128448845853020631	1791367301996	6ccc030274693786
15414851299025675414	8623070674654132474	342492156962729889	8377213145940211472	1791367303381	6ccc1a00207ab17a
15414851299025675414	8623070674654132474	342492156962729889	8377213145940211472	1791367303381	6ccc1c006a3018e5
15414851299025675414	8623070674654132474	342492156962729889	8377213145940211472	1791367303381	6ccc0501b21161d8
9201944366134098880	11307260192200978879	5624642644610234805	9937215612266038077	1791367304365	6ccc0200474d72cf
2514507168320282640	4009817660467959249	7994671749986703485	6516568445932241256	1791367304845	6ccc170119b54122
991736747242425153	3574633104369239823	3499317810257680944	14700604076378204055	1791367305384	6ccc0500a8711303
1858308111157840831	1620190695702320440	13009299953630758083	4101919552100555909	1791367305709	6ccc04022e3cea97
4991526565625046895	2153926486592403267	193117581179999534	18233490921780547049	1791367306169	6ccc0901f6fd37b2
5076625520358717408	2506555580011302306	14473537346592005037	6238700501076667905	1791367306536	6ccc0c012384bbbc
16973438912531789689	7357474845959749238	9144096765507165114	4691923480553615574	1791367308660	6ccc10016a55345b
2320248917535334678	9592749316434685944	3688797350994426775	6822007472286942420	1791367308967	6ccc1a001160b7c0
10151726483411284906	13807790123503356706	8961180573177002230	9069317582638458922	1791367309905	6ccc070030ad143b
12644243651652366304	1894937285725075915	6210158063380583225	5509993031534790243	1791367310728	6ccc0600a3cbd655
1776920637847436493	7781314463318040769	17456183474157325508	5735716877505627278	1791367311485	6ccc16007e1a79c0
1776920637847436493	7781314463318040769	17456183474157325508	5735716877505627278	1791367311485	6ccc0801df5b2bee
10193819737048705766	16202750618314646508	12656052253447499742	14883907611320802261	1791367312849	6ccc14020af6cb45
5448062768273294909	7207937653389926715	648472791154034844	10827560637512827179	1791367313546	6ccc0a0045552231
15537834352754063839	14281414453235287201	9384747882657610611	5548335011493557367	1791367315062	6ccc0501bbf199a3
15537834352754063839	14281414453235287201	9384747882657610611	5548335011493557367	1791367315062	6ccc1101ba8e0cc2
7724745287917931964	17446908866952373768	18363180347857952132	12274874493953381221	1791367315711	6ccc150144c2618b
6720917124570774225	3510381069173089809	17306990436134435309	17473894890617021952	1791367316019	6ccc0a0201d9f625
10464640482180128586	17903116748047703456	5814429018942962390	13087832459650611127	1791367316804	6ccc050088e855ba
16121522815758756651	15137820782085528593	16831569789865565018	17685620390344537061	1791367317134	6ccc120083813fec
15839200583140112092	12770246452527079379	2671750708813527734	3969619686516323869	1791367317468	6ccc0900d610ab65
15839200583140112092	12770246452527079379	2671750708813527734	3969619686516323869	1791367317468	6ccc03024631df00
17655285136587987363	4837192828724396780	1597413989798846658	3181817019310187133	1791367318262	6ccc170188258991
6414418947889034046	14936973190203417428	15539388916335791189	13992984285344021134	1791367318927	6ccc0001bf4363ec
8541127090290612373	18212163094843753595	4370058822650115464	18085939805624860203	1791367319658	6ccc10021e85e120
3718783907644110484	1310531991911766486	11271015280636727744	10174962261206523732	1791367320318	6ccc140003168328
15556541894550635055	3551333783529171339	6570241628769327707	8369797722765026851	1791367320390	6ccc1900db46f1fe
1390221059054866576	15911623375412351789	8234726229942984244	10503578451125995850	1791367322683	6ccc1d02bb0b136d
15748365661661166904	4668582376703754979	13541620527852870272	322920018892438280	1791367323603	6ccc0902e15f9458
5989517830747687899	4455554105953212997	17319342913769129910	9299490472444576550	1791367324075	6ccc1d0068432e0d
5989517830747687899	4455554105953212997	17319342913769129910	9299490472444576550	1791367324075	6ccc1c01ea40490e
5919434007654001782	18224352202115628606	3167903572570530201	16712515428253654537	1791367324720	6ccc17017a67d34c
8876139977741255025	7200042648492867740	10833274797580545614	3185271369068355610	1791367325809	6ccc1401c2ee4c61
9625372837458051953	7075777634329612288	739509667460816039	4472587142218356059	1791367326279	6ccc1302e087c708
9625372837458051953	7075777634329612288	739509667460816039	4472587142218356059	1791367326279	6ccc16033f3fc0c7
6294659192320568968	8796179955711373848	2799083590429640417	11349812646261633037	1791367326908	6ccc1a022c0f5221
3322919816596780351	3640818539783168030	9590525353292154676	12283755352121197006	1791367329275	6ccc08009699ff82
3322919816596780351	3640818539783168030	9590525353292154676	12283755352121197006	1791367329275	6ccc0904526d809b
4827408348842347345	5424901268070160941	7470043120929466323	8777705222519095250	1791367331642	6ccc12010f509202
4827408348842347345	5424901268070160941	7470043120929466323	8777705222519095250	1791367331642	6ccc1b010755640d
10095284913704139876	8706385313907232287	13046059363860990674	18362507101198520359	1791367332362	6ccc1a01664aaae4
14209390679788472763	11541414090634264315	10963171511395399837	7904168417059398490	1791367332784	6ccc1d025a8c2428
13759971708097609722	13046493213711410240	326182792132754500	2491634686835479893	1791367333872	6ccc0f006ac6fc14
13751205403511015319	1351815461725486704	12483689798132421694	15972977378581818265	1791367334312	6ccc0d031f012a00
1235597869044938896	2677080509940570980	2998490429073284253	10659303116398127685	1791367334950	6ccc01019f1ee7ec
8279736743363342500	7924950719398893838	8724489220754603719	2632296478917608951	1791367336925	6ccc18021d13d2cc
18297634160892246089	4905037753634761444	241522643528076853	13737613938650918227	1791367337697	6ccc160159c7ee06
5863801865431701664	17876653829056976007	9256581723410075216	6733026900286113445	1791367339506	6ccc0d014e5d3d87
16272843573793716131	7536048571602786953	159004192487655578	4498434078744590470	1791367340480	6ccc0400dde23bfc
16272843573793716131	7536048571602786953	159004192487655578	4498434078744590470	1791367340480	6ccc1d00dc50ca25
16272843573793716131	7536048571602786953	159004192487655578	4498434078744590470	1791367340480	6ccc03021f6f5968
5082939183651179941	8605848368886227777	18081720702226816260	14410378885516433698	1791367340697	6ccc110014db5e7e
17846594373941027134	14656062379397839082	3721674715568106544	15073141612373636236	1791367342048	6ccc0500ee6093d6
17846594373941027134	14656062379397839082	3721674715568106544	15073141612373636236	1791367342048	6ccc0d015b515ed5
396824618985955426	17428823958514527414	14905955613140892396	10449921746335330917	1791367342383	6ccc0b016d486776
396824618985955426	17428823958514527414	14905955613140892396	10449921746335330917	1791367342383	6ccc1201662bf8a6
8123634169010671282	851615381029386218	5809906765122893631	56276664365455974	1791367342904	6ccc0b001e44b10d
14539928580281047349	13771822577304078854	13292751776296712637	9506835568271582386	1791367343241	6ccc1300d9f95934
13952944400897310048	5945072408306069336	368007882136734217	18237968334963950542	1791367343719	6ccc0e003d9c501a
13952944400897310048	5945072408306069336	368007882136734217	18237968334963950542	1791367343719	6ccc0800dd964f97
13952944400897310048	5945072408306069336	368007882136734217	18237968334963950542	1791367343719	6ccc0001a8f16bca
16874670699985587727	10114979318178933063	11225871564061875762	10286788119998549093	1791367344051	6ccc12015362455d
16874670699985587727	10114979318178933063	11225871564061875762	10286788119998549093	1791367344051	6ccc09019e935cfd
14824115897342183433	5880308600438385101	9521318314769725710	1146332826847057568	1791367344889	6ccc0500ccc7a25b
3692776663493074888	7014073905944055710	4095648067326728208	5116255154796257150	1791367348467	6ccc04010374369b
11103275562286022940	6599653526612893233	7069712296706450521	10049699172434303590	1791367352068	6ccc1500a69ab755
6550134475958405838	5111278045188261576	2956202727021908865	14175988545877391796	1791367353224	6ccc0000dedb990f
15466871337490118999	7342217954674535049	17376123455708936718	2317256338111701839	1791367354714	6ccc1101a6b41ac8
15466871337490118999	7342217954674535049	17376123455708936718	2317256338111701839	1791367354714	6ccc0a034ce46666
10745033972620670490	18200772973709352992	10674901326479085598	15325896108861910517	1791367356990	6ccc0501d7795a30
10745033972620670490	18200772973709352992	10674901326479085598	15325896108861910517	1791367356990	6ccc110263f548b6
8452855046615570500	8938706349326869301	17302858753378837382	18049447161605777964	1791367357757	6ccc15006726d375
2948318064669986261	17174834381866225097	10774161775951986139	8874635103669351696	1791367362306	6ccc0b021ed54e14
7666145663710001940	4857333320947694271	12695648489600412462	6668011036468303957	1791367362674	6ccc1801542182b0
3042917207347977406	5100238060615408706	3006748675537919757	9302612860447450841	1791367362989	6ccc12022ffae027
16893164982645313193	9784605609734103504	15981407763036607782	2081330533366189039	1791367363414	6ccc0900ea02e8b8
16893164982645313193	9784605609734103504	15981407763036607782	2081330533366189039	1791367363414	6ccc0d029b0d030f
16264526020248701967	5804320430824404884	6652603231862812462	1542827825898548414	1791367363851	6ccc09030cd79892
11935223302696545021	12622007679540219353	16042748013683664674	6718924437455157373	1791367364353	6ccc0e01118d0039
8127635362103101763	5834436252601606127	1467846864212106793	5687213766167830879	1791367366458	6ccc0b027f0ae618
16033053586210435944	13123529436105873616	8468846986599047167	18286066971430768090	1791367367336	6ccc15002a3dd728
1239520806154998798	6759184423364009187	10406125005359876212	12820729779631985651	1791367367689	6ccc0b01fec96f8c
6594743436011321448	4407334449046774456	13074623457114080983	3546387186747289398	1791367368953	6ccc09018c176ce3
10569236969079414746	15187005633517391144	17586412353612892851	11315969466906250983	1791367370496	6ccc0103805c49eb
15619265208100116541	3691678192794021988	15703265095751037900	1506667888166736062	1791367373729	6ccc0800d3cb1750
